{"metadata":{"asset_id":"96b99d67-9244-424c-af5b-17468197f9dd","asset_attributes":["data_asset","location_definition"],"name":"source_sentences_shaped.csv","asset_type":"data_asset","created_at":"2022-11-02T03:52:23Z","origin_country":"us","owner_id":"IBMid-310000KSKQ","project_id":"c13ca6aa-59cb-4811-8042-49951682ad30","size":105337,"usage":{"last_update_time":1667361145576,"last_updated_at":"2022-11-02T03:52:25Z"}},"entity":{"data_asset":{"mime_type":"text/csv","dataset":false},"location_definition":{"physical_location_code":"DAL","physical_location_code_assigned_by":"IBMid-310000KSKQ","physical_location_code_rds_id":"c57cb90f-2126-3800-9c9f-9eab82021cdf","physical_location_code_rds_version":"00002022-0719-4194-8137-769122000000_2","physical_location_code_assignment_method":"INFERRED","physical_location_code_added_on":"1667356927300"}},"attachments":[{"id":"4ad498d1-52d8-48e9-8b58-2cbf0aca65bf","version":2,"asset_type":"data_asset","name":"source_sentences_shaped.csv","mime":"text/csv","datasource_type":"193a97c1-4475-4a19-b90c-295c4fdc6517","object_key":"source_sentences_shaped.csv","creator_id":"iam-ServiceId-f49c5558-c247-4983-a04f-7d3c7a3d55da","create_time":1667361145397,"size":105337,"is_remote":false,"is_managed":false,"is_referenced":true,"is_object_key_read_only":false,"is_user_provided_path_key":true,"transfer_complete":true,"is_partitioned":false,"complete_time_ticks":1667361145397,"user_data":{},"test_doc":0,"handle":{"bucket":"nlpdriftproject-donotdelete-pr-f0umtnjnnbnrqi","location":"us-geo","type":"bluemix_cos","key":"source_sentences_shaped.csv","upload_id":"done","max_part_num":1},"usage":{"access_count":0,"last_accessor_id":"iam-ServiceId-f49c5558-c247-4983-a04f-7d3c7a3d55da","last_access_time":1667361145397}}]}
