{"metadata":{"asset_id":"e14eab04-b0c7-4f62-a91d-4ffe957812d9","asset_attributes":["notebook"],"name":"Drift Compute Function","asset_type":"notebook","created_at":"2022-11-02T03:52:26Z","description":"","origin_country":"us","owner_id":"IBMid-310000KSKQ","project_id":"c13ca6aa-59cb-4811-8042-49951682ad30","size":12186,"tags":["notebook"],"usage":{"last_update_time":1667361933411,"last_updated_at":"2022-11-02T04:05:33Z"}},"entity":{"notebook":{"kernel":{"name":"python3","display_name":"Python 3.9","language":"python"},"originates_from":{"type":"file"},"runtime":{"environment":"conda2rt221-c13ca6aa-59cb-4811-8042-49951682ad30"}},"location_definition":{"physical_location_code":"DAL","physical_location_code_assigned_by":"IBMid-310000KSKQ","physical_location_code_rds_id":"c57cb90f-2126-3800-9c9f-9eab82021cdf","physical_location_code_rds_version":"00002022-0719-4194-8137-769122000000_2","physical_location_code_assignment_method":"INFERRED","physical_location_code_added_on":"1667361128882"}},"attachments":[{"id":"98185eb0-c3bc-43cd-aab1-b5b4555e3ac9","version":2,"asset_type":"notebook","name":"attachment for notebook e14eab04-b0c7-4f62-a91d-4ffe957812d9","description":"attachment for notebook e14eab04-b0c7-4f62-a91d-4ffe957812d9","mime":"application/json","datasource_type":"193a97c1-4475-4a19-b90c-295c4fdc6517","object_key":"notebook/Batch_Drift_Compute_Function_68EU8YWYP.ipynb","creator_id":"IBMid-310000KSKQ","create_time":1667361147713,"size":12186,"is_remote":false,"is_managed":false,"is_referenced":true,"is_object_key_read_only":false,"is_user_provided_path_key":true,"transfer_complete":true,"is_partitioned":false,"complete_time_ticks":1667361147713,"user_data":{},"test_doc":0,"handle":{"bucket":"nlpdriftproject-donotdelete-pr-f0umtnjnnbnrqi","location":"us-geo","type":"bluemix_cos","key":"notebook/Batch_Drift_Compute_Function_68EU8YWYP.ipynb","upload_id":"done","max_part_num":1},"usage":{"access_count":2,"last_accessor_id":"IBMid-310000KSKQ","last_access_time":1667361933410,"last_updater_id":"IBMid-310000KSKQ","last_update_time":1667361933410}}]}
