{"metadata":{"asset_id":"6d3875e8-bae8-4da5-8ab6-fe7c99dade6a","asset_attributes":["notebook"],"name":"Create training data stats for drift","asset_type":"notebook","created_at":"2022-11-02T03:52:26Z","description":"","origin_country":"us","owner_id":"IBMid-310000KSKQ","project_id":"c13ca6aa-59cb-4811-8042-49951682ad30","size":4672,"tags":["notebook"],"usage":{"last_update_time":1667361983811,"last_updated_at":"2022-11-02T04:06:23Z"}},"entity":{"notebook":{"kernel":{"name":"python3","display_name":"Python 3.9","language":"python"},"originates_from":{"type":"file"},"runtime":{"environment":"conda2rt221-c13ca6aa-59cb-4811-8042-49951682ad30"}},"location_definition":{"physical_location_code":"DAL","physical_location_code_assigned_by":"IBMid-310000KSKQ","physical_location_code_rds_id":"c57cb90f-2126-3800-9c9f-9eab82021cdf","physical_location_code_rds_version":"00002022-0719-4194-8137-769122000000_2","physical_location_code_assignment_method":"INFERRED","physical_location_code_added_on":"1667361128882"}},"attachments":[{"id":"88e0f76e-e260-4347-b058-fd3baa31ed57","version":2,"asset_type":"notebook","name":"attachment for notebook 6d3875e8-bae8-4da5-8ab6-fe7c99dade6a","description":"attachment for notebook 6d3875e8-bae8-4da5-8ab6-fe7c99dade6a","mime":"application/json","datasource_type":"193a97c1-4475-4a19-b90c-295c4fdc6517","object_key":"notebook/ODSC_create_training_data_stats_for_drift_ifgQwMXz0.ipynb","creator_id":"IBMid-310000KSKQ","create_time":1667361147872,"size":4672,"is_remote":false,"is_managed":false,"is_referenced":true,"is_object_key_read_only":false,"is_user_provided_path_key":true,"transfer_complete":true,"is_partitioned":false,"complete_time_ticks":1667361147872,"user_data":{},"test_doc":0,"handle":{"bucket":"nlpdriftproject-donotdelete-pr-f0umtnjnnbnrqi","location":"us-geo","type":"bluemix_cos","key":"notebook/ODSC_create_training_data_stats_for_drift_ifgQwMXz0.ipynb","upload_id":"done","max_part_num":1},"usage":{"access_count":7,"last_accessor_id":"IBMid-310000KSKQ","last_access_time":1667361956196,"last_updater_id":"IBMid-310000KSKQ","last_update_time":1667361956196}}]}
